{
  "name": "atmelsam",
  "title": "Atmel SAM",
  "description": "Atmel | SMART offers Flash- based ARM products based on the ARM Cortex-M0+, Cortex-M3 and Cortex-M4 architectures, ranging from 8KB to 2MB of Flash including a rich peripheral and feature mix.",
  "homepage": "https://www.microchip.com/design-centers/32-bit",
  "license": "Apache-2.0",
  "keywords": [
    "dev-platform",
    "ARM",
    "Cortex-M",
    "Atmel",
    "Microchip",
    "SAM",
    "SAM D"
  ],
  "engines": {
    "platformio": "^6"
  },
  "repository": {
    "type": "git",
    "url": "https://github.com/DavidCroce/SSB-custom-board.git"


  },
  "version": "8.1.0",
  "frameworks": {
    "arduino": {
      "package": "framework-arduino-sam",
      "script": "builder/frameworks/arduino.py"
    },
    "zephyr": {
      "package": "framework-zephyr",
      "script": "builder/frameworks/zephyr.py"
    }
  },
  "packages": {
    "toolchain-gccarmnoneeabi": {
      "type": "toolchain",
      "owner": "platformio",
      "version": "~1.70201.0",
      "optionalVersions": [
        ">=1.40803.0,<1.40805.0",
        ">=1.60301.0,<1.80000.0",
        "~1.80201.0",
        "~1.90301.0"
      ]
    },
    "framework-arduino-sam": {
      "type": "framework",
      "optional": true,
      "owner": "platformio",
      "version": "~1.6.12"
    },
    "framework-arduino-samd": {
      "type": "framework",
      "optional": true,
      "owner": "platformio",
      "version": "~1.8.13"
    },
    "framework-arduino-samd-adafruit": {
      "type": "framework",
      "optional": true,
      "owner": "platformio",
      "version": "~1.7.12"
    },
    "framework-arduino-samd-seeed": {
      "type": "framework",
      "optional": true,
      "owner": "platformio",
      "version": "~1.8.1"
    },
    "framework-arduino-samd-moteino": {
      "type": "framework",
      "optional": true,
      "owner": "platformio",
      "version": "~1.6.3"
    },
    "framework-arduino-samd-reprap": {
      "type": "framework",
      "optional": true,
      "owner": "platformio",
      "version": "~1.0.2"
    },
    "framework-arduino-samd-sodaq": {
      "type": "framework",
      "optional": true,
      "owner": "platformio",
      "version": "~1.8.6"
    },
    "framework-arduino-samd-sparkfun": {
      "type": "framework",
      "optional": true,
      "owner": "platformio",
      "version": "~1.8.3"
    },
    "framework-arduino-samd-tuino0": {
      "type": "framework",
      "optional": true,
      "owner": "platformio",
      "version": "~1.0.6"
    },
    "framework-cmsis": {
      "type": "framework",
      "optional": true,
      "owner": "platformio",
      "version": "~1.40500.0",
      "optionalVersions": [
        "~2.50400.0"
      ]
    },
    "framework-cmsis-atmel": {
      "type": "framework",
      "optional": true,
      "owner": "platformio",
      "version": "~1.2.2",
      "optionalVersions": [
        "~1.1.0"
      ]
    },
    "framework-arduino-mbcwb": {
      "type": "framework",
      "optional": true,
      "owner": "meteca",
      "version": ">=2.1.1"
    },
    "framework-zephyr": {
      "type": "framework",
      "optional": true,
      "owner": "platformio",
      "version": "~2.20701.0"
    },
    "tool-avrdude": {
      "type": "uploader",
      "optional": true,
      "owner": "platformio",
      "version": "~1.60300.0"
    },
    "tool-bossac": {
      "type": "uploader",
      "optional": true,
      "owner": "platformio",
      "version": "~1.10700.0",
      "optionalVersions": [
        "~1.10900.0"
      ]
    },
    "tool-mbctool": {
      "optional": true,
      "owner": "meteca",
      "version": ">=2.0.0"
    },
    "tool-openocd": {
      "type": "uploader",
      "optional": true,
      "owner": "platformio",
      "version": "~2.1100.0"
    },
    "tool-jlink": {
      "type": "uploader",
      "optional": true,
      "owner": "platformio",
      "version": "^1.63208.0"
    },
    "tool-cmake": {
      "optional": true,
      "owner": "platformio",
      "version": "~3.21.0"
    },
    "tool-dtc": {
      "optional": true,
      "owner": "platformio",
      "version": "~1.4.7"
    },
    "tool-ninja": {
      "optional": true,
      "owner": "platformio",
      "version": "^1.7.0"
    },
    "tool-gperf": {
      "optional": true,
      "owner": "platformio",
      "version": "^3.0.0"
    }
  }
}
